INSERT INTO carts DEFAULT VALUES;
INSERT INTO carts DEFAULT VALUES;
INSERT INTO carts DEFAULT VALUES;
INSERT INTO carts DEFAULT VALUES;
INSERT INTO carts DEFAULT VALUES;
INSERT INTO carts DEFAULT VALUES;
INSERT INTO carts DEFAULT VALUES;
INSERT INTO carts DEFAULT VALUES;
INSERT INTO carts DEFAULT VALUES;
INSERT INTO carts DEFAULT VALUES;
INSERT INTO carts DEFAULT VALUES;
INSERT INTO carts DEFAULT VALUES;
INSERT INTO carts DEFAULT VALUES;
INSERT INTO carts DEFAULT VALUES;
INSERT INTO carts DEFAULT VALUES;
INSERT INTO carts DEFAULT VALUES;
INSERT INTO carts DEFAULT VALUES;
INSERT INTO carts DEFAULT VALUES;
INSERT INTO carts DEFAULT VALUES;
INSERT INTO carts DEFAULT VALUES;


INSERT INTO users (date_of_birth, email, full_name, password, provider, role, status, cart_id)
VALUES ('1990-05-15', 'user1@example.com', 'Иванов Иван', '$2a$12$eYmYCplG.4GUqIR.hkoPpOWA1arpFak9uwjoqkojo5bY51PmfaCZe', 'LOCAL', 'ROLE_TRAINER', 'ACTIVE', 1);

INSERT INTO users (date_of_birth, email, full_name, password, provider, role, status, cart_id)
VALUES ('1985-12-10', 'user2@example.com', 'Петрова Анна', '$2a$12$eYmYCplG.4GUqIR.hkoPpOWA1arpFak9uwjoqkojo5bY51PmfaCZe', 'LOCAL', 'ROLE_TRAINER', 'ACTIVE', 2);

INSERT INTO users (date_of_birth, email, full_name, password, provider, role, status, cart_id)
VALUES ('1992-07-22', 'user3@example.com', 'Сидоров Павел', '$2a$12$eYmYCplG.4GUqIR.hkoPpOWA1arpFak9uwjoqkojo5bY51PmfaCZe', 'LOCAL', 'ROLE_TRAINER', 'ACTIVE', 3);

INSERT INTO users (date_of_birth, email, full_name, password, provider, role, status, cart_id)
VALUES ('1988-09-03', 'user4@example.com', 'Козлова Елена', '$2a$12$eYmYCplG.4GUqIR.hkoPpOWA1arpFak9uwjoqkojo5bY51PmfaCZe', 'LOCAL', 'ROLE_TRAINER', 'ACTIVE', 4);

INSERT INTO users (date_of_birth, email, full_name, password, provider, role, status, cart_id)
VALUES ('1995-02-28', 'user5@example.com', 'Михайлов Дмитрий', '$2a$12$eYmYCplG.4GUqIR.hkoPpOWA1arpFak9uwjoqkojo5bY51PmfaCZe', 'LOCAL', 'ROLE_TRAINER', 'ACTIVE', 5);

INSERT INTO users (date_of_birth, email, full_name, password, provider, role, status, cart_id)
VALUES ('1991-11-19', 'user6@example.com', 'Алексеева Ольга', '$2a$12$eYmYCplG.4GUqIR.hkoPpOWA1arpFak9uwjoqkojo5bY51PmfaCZe', 'LOCAL', 'ROLE_TRAINER', 'ACTIVE', 6);

INSERT INTO users (date_of_birth, email, full_name, password, provider, role, status, cart_id)
VALUES ('1994-04-07', 'user7@example.com', 'Смирнов Игорь', '$2a$12$eYmYCplG.4GUqIR.hkoPpOWA1arpFak9uwjoqkojo5bY51PmfaCZe', 'LOCAL', 'ROLE_TRAINER', 'ACTIVE', 7);

INSERT INTO users (date_of_birth, email, full_name, password, provider, role, status, cart_id)
VALUES ('1987-08-25', 'user8@example.com', 'Федорова Екатерина', '$2a$12$eYmYCplG.4GUqIR.hkoPpOWA1arpFak9uwjoqkojo5bY51PmfaCZe', 'LOCAL', 'ROLE_TRAINER', 'ACTIVE', 8);

INSERT INTO users (date_of_birth, email, full_name, password, provider, role, status, cart_id)
VALUES ('1993-01-12', 'user9@example.com', 'Николаев Александр', '$2a$12$eYmYCplG.4GUqIR.hkoPpOWA1arpFak9uwjoqkojo5bY51PmfaCZe', 'LOCAL', 'ROLE_TRAINER', 'ACTIVE', 9);

INSERT INTO users (date_of_birth, email, full_name, password, provider, role, status, cart_id)
VALUES ('1998-06-30', 'user10@example.com', 'Васильева Мария', '$2a$12$eYmYCplG.4GUqIR.hkoPpOWA1arpFak9uwjoqkojo5bY51PmfaCZe', 'LOCAL', 'ROLE_TRAINER', 'ACTIVE', 10);


INSERT INTO users (date_of_birth, email, full_name, password, provider, role, status, cart_id)
VALUES ('1987-09-15', 'john.doe@example.com', 'John Doe', '$2a$12$eYmYCplG.4GUqIR.hkoPpOWA1arpFak9uwjoqkojo5bY51PmfaCZe', 'LOCAL', 'ROLE_STUDENT', 'ACTIVE', 11);

INSERT INTO users (date_of_birth, email, full_name, password, provider, role, status, cart_id)
VALUES ('1992-05-27', 'jane.smith@example.com', 'Jane Smith', '$2a$12$eYmYCplG.4GUqIR.hkoPpOWA1arpFak9uwjoqkojo5bY51PmfaCZe', 'LOCAL', 'ROLE_STUDENT', 'ACTIVE', 12);

INSERT INTO users (date_of_birth, email, full_name, password, provider, role, status, cart_id)
VALUES ('1979-11-02', 'michael.johnson@example.com', 'Michael Johnson', '$2a$12$eYmYCplG.4GUqIR.hkoPpOWA1arpFak9uwjoqkojo5bY51PmfaCZe', 'ROLE_STUDENT', 'user', 'ACTIVE', 13);

INSERT INTO users (date_of_birth, email, full_name, password, provider, role, status, cart_id)
VALUES ('1995-03-18', 'emily.davis@example.com', 'Emily Davis', '$2a$12$eYmYCplG.4GUqIR.hkoPpOWA1arpFak9uwjoqkojo5bY51PmfaCZe', 'LOCAL', 'ROLE_STUDENT', 'ACTIVE', 14);

INSERT INTO users (date_of_birth, email, full_name, password, provider, role, status, cart_id)
VALUES ('1983-07-29', 'william.thompson@example.com', 'William Thompson', '$2a$12$eYmYCplG.4GUqIR.hkoPpOWA1arpFak9uwjoqkojo5bY51PmfaCZe', 'LOCAL', 'ROLE_STUDENT', 'ACTIVE', 15);

INSERT INTO users (date_of_birth, email, full_name, password, provider, role, status, cart_id)
VALUES ('1990-12-09', 'olivia.white@example.com', 'Olivia White', '$2a$12$eYmYCplG.4GUqIR.hkoPpOWA1arpFak9uwjoqkojo5bY51PmfaCZe', 'LOCAL', 'ROLE_STUDENT', 'ACTIVE', 16);

INSERT INTO users (date_of_birth, email, full_name, password, provider, role, status, cart_id)
VALUES ('1986-04-21', 'james.martin@example.com', 'James Martin', '$2a$12$eYmYCplG.4GUqIR.hkoPpOWA1arpFak9uwjoqkojo5bY51PmfaCZe', 'LOCAL', 'ROLE_STUDENT', 'ACTIVE', 17);

INSERT INTO users (date_of_birth, email, full_name, password, provider, role, status, cart_id)
VALUES ('1998-08-13', 'sophia.wilson@example.com', 'Sophia Wilson', '$2a$12$eYmYCplG.4GUqIR.hkoPpOWA1arpFak9uwjoqkojo5bY51PmfaCZe', 'LOCAL', 'ROLE_STUDENT', 'ACTIVE', 18);

INSERT INTO users (date_of_birth, email, full_name, password, provider, role, status, cart_id)
VALUES ('1993-01-25', 'alexander.anderson@example.com', 'Alexander Anderson', '$2a$12$eYmYCplG.4GUqIR.hkoPpOWA1arpFak9uwjoqkojo5bY51PmfaCZe', 'LOCAL', 'ROLE_STUDENT', 'ACTIVE', 19);

INSERT INTO users (date_of_birth, email, full_name, password, provider, role, status, cart_id)
VALUES ('1989-06-07', 'isabella.thomas@example.com', 'Isabella Thomas', '$2a$12$eYmYCplG.4GUqIR.hkoPpOWA1arpFak9uwjoqkojo5bY51PmfaCZe', 'LOCAL', 'ROLE_STUDENT', 'ACTIVE', 20);


INSERT INTO categories (title) VALUES ('Разработка веб-сайтов');
INSERT INTO categories (title) VALUES ('Искусственный интеллект');
INSERT INTO categories (title) VALUES ('Машинное обучение');
INSERT INTO categories (title) VALUES ('Блокчейн и криптовалюты');
INSERT INTO categories (title) VALUES ('Маркетинг и продвижение');

-- INSERT INTO categories (title) VALUES ('Финансы и инвестиции');
-- INSERT INTO categories (title) VALUES ('Бизнес-стратегия');
-- INSERT INTO categories (title) VALUES ('Личностный рост и саморазвитие');
-- INSERT INTO categories (title) VALUES ('Языки программирования');
-- INSERT INTO categories (title) VALUES ('Анализ данных и статистика');
-- INSERT INTO categories (title) VALUES ('Управление проектами');
-- INSERT INTO categories (title) VALUES ('Интернет-маркетинг');
-- INSERT INTO categories (title) VALUES ('Психология и психотерапия');
-- INSERT INTO categories (title) VALUES ('Маркетинг в социальных сетях');
-- INSERT INTO categories (title) VALUES ('Коммуникационные навыки');


INSERT INTO courses (created, description, image_url, language, name, price, author_id, category_id)
VALUES ('2023-06-07', 'Изучите основы разработки веб-сайтов с помощью HTML и CSS. В этом курсе вы познакомитесь с основными принципами HTML и CSS, научитесь создавать веб-страницы и стилизовать их. Вы также изучите различные техники верстки и узнаете о современных подходах к созданию адаптивных веб-сайтов.', 'https://example.com/course1.jpg', 'Русский', 'Основы веб-разработки', 49.99, 1, 1);

INSERT INTO courses (created, description, image_url, language, name, price, author_id, category_id)
VALUES ('2023-06-06', 'Научитесь создавать мобильные приложения для iOS и Android. В этом курсе вы изучите основы разработки мобильных приложений с использованием популярных фреймворков и инструментов. Вы научитесь создавать интерфейсы, добавлять функциональность и тестировать свои приложения на различных устройствах.', 'https://example.com/course2.jpg', 'Русский', 'Мобильная разработка на практике', 79.99, 2, 2);

INSERT INTO courses (created, description, image_url, language, name, price, author_id, category_id)
VALUES ('2023-06-05', 'Основы искусственного интеллекта и его применение в реальном мире. В этом курсе вы узнаете основы искусственного интеллекта, включая различные подходы и алгоритмы. Вы изучите примеры применения искусственного интеллекта в различных областях, таких как медицина, финансы и автоматизация.', 'https://example.com/course3.jpg', 'Русский', 'Введение в искусственный интеллект', 59.99, 3, 3);

INSERT INTO courses (created, description, image_url, language, name, price, author_id, category_id)
VALUES ('2023-06-04', 'Изучите алгоритмы машинного обучения и их применение. В этом курсе вы познакомитесь с различными алгоритмами машинного обучения, такими как линейная регрессия, решающие деревья, ансамбли моделей и нейронные сети. Вы также узнаете, как применять эти алгоритмы к реальным задачам и оценивать их производительность.', 'https://example.com/course4.jpg', 'Русский', 'Введение в машинное обучение', 89.99, 4, 4);

INSERT INTO courses (created, description, image_url, language, name, price, author_id, category_id)
VALUES ('2023-06-03', 'Изучите основы блокчейна и криптовалют, создайте свою собственную криптовалюту. В этом курсе вы узнаете, как работает технология блокчейн, изучите основы криптографии и узнаете о различных типах криптовалют. Вы также научитесь создавать свою собственную криптовалюту на базе блокчейн.', 'https://example.com/course5.jpg', 'Русский', 'Основы блокчейна и криптовалют', 69.99, 5, 5);

INSERT INTO courses (created, description, image_url, language, name, price, author_id, category_id)
VALUES ('2023-06-07', 'Изучите современные подходы к дизайну интерфейсов. В этом курсе вы узнаете о принципах пользовательского опыта (UX) и пользовательского интерфейса (UI) дизайна. Вы изучите различные методики проектирования интерфейсов, проведете исследование пользователей и создадите прототипы своих проектов.', 'https://example.com/course6.jpg', 'Русский', 'Дизайн интерфейсов: современные подходы', 59.99, 6, 5);

INSERT INTO courses (created, description, image_url, language, name, price, author_id, category_id)
VALUES ('2023-06-06', 'Основы графического дизайна: цвет, композиция, типографика. В этом курсе вы познакомитесь с основами графического дизайна, включая цветовую теорию, композицию и типографику. Вы изучите различные инструменты и техники графического дизайна и научитесь создавать привлекательные и эффективные дизайны.', 'https://example.com/course7.jpg', 'Русский', 'Основы графического дизайна', 79.99, 7, 1);

INSERT INTO courses (created, description, image_url, language, name, price, author_id, category_id)
VALUES ('2023-06-05', 'Научитесь создавать динамические веб-приложения с использованием JavaScript и фреймворка React. В этом курсе вы изучите основы JavaScript, включая работу с переменными, функциями, циклами и событиями. Вы также научитесь использовать фреймворк React для создания современных веб-приложений.', 'https://example.com/course8.jpg', 'Русский', 'JavaScript и React', 89.99, 8, 1);

INSERT INTO courses (created, description, image_url, language, name, price, author_id, category_id)
VALUES ('2023-06-04', 'Изучите основы анализа данных и машинного обучения с использованием языка программирования Python. В этом курсе вы узнаете, как использовать Python для сбора, обработки и визуализации данных. Вы также изучите различные алгоритмы машинного обучения и примените их к реальным наборам данных.', 'https://example.com/course9.jpg', 'Русский', 'Python для анализа данных и машинного обучения', 99.99, 9, 2);

INSERT INTO courses (created, description, image_url, language, name, price, author_id, category_id)
VALUES ('2023-06-03', 'Научитесь создавать современные веб-приложения с использованием фреймворка Django. В этом курсе вы изучите основы веб-разработки с использованием языка программирования Python и фреймворка Django. Вы научитесь создавать модели данных, обрабатывать формы, авторизацию пользователей и развертывать свои приложения на сервере.', 'https://example.com/course10.jpg', 'Русский', 'Web-разработка с Django', 79.99, 10, 2);

INSERT INTO courses (created, description, image_url, language, name, price, author_id, category_id)
VALUES ('2023-06-07', 'Изучите основы финансового анализа и планирования. В этом курсе вы познакомитесь с ключевыми понятиями и методами финансового анализа, научитесь оценивать финансовое состояние компании и разрабатывать финансовые планы. Вы также изучите методы оценки инвестиций и принятия финансовых решений.', 'https://example.com/course11.jpg', 'Русский', 'Основы финансового анализа', 69.99, 1, 1);

INSERT INTO courses (created, description, image_url, language, name, price, author_id, category_id)
VALUES ('2023-06-06', 'Научитесь создавать интерактивные веб-приложения с использованием фреймворка Vue.js. В этом курсе вы изучите основы Vue.js, включая работу с компонентами, маршрутизацию и управление состоянием приложения. Вы создадите несколько проектов, чтобы закрепить полученные знания.', 'https://example.com/course12.jpg', 'Русский', 'Разработка веб-приложений с Vue.js', 79.99, 2, 2);

INSERT INTO courses (created, description, image_url, language, name, price, author_id, category_id)
VALUES ('2023-06-05', 'Основы робототехники: конструирование и программирование роботов. В этом курсе вы научитесь создавать и программировать роботов, используя популярные платформы и языки программирования. Вы изучите различные аспекты робототехники, включая механику, электронику и программирование.', 'https://example.com/course13.jpg', 'Русский', 'Основы робототехники', 59.99, 3, 3);

INSERT INTO courses (created, description, image_url, language, name, price, author_id, category_id)
VALUES ('2023-06-04', 'Научитесь создавать виртуальную реальность с использованием Unity. В этом курсе вы узнаете основы разработки виртуальной реальности, включая создание сцен, добавление объектов и программирование поведения. Вы создадите свою собственную виртуальную среду и научитесь развертывать ее на различных платформах.', 'https://example.com/course14.jpg', 'Русский', 'Разработка виртуальной реальности с Unity', 89.99, 4, 4);

INSERT INTO courses (created, description, image_url, language, name, price, author_id, category_id)
VALUES ('2023-06-03', 'Изучите основы маркетинга и привлечения клиентов в интернете. В этом курсе вы узнаете о ключевых понятиях маркетинга, методах привлечения и удержания клиентов в интернете. Вы изучите различные инструменты и стратегии интернет-маркетинга и научитесь применять их на практике.', 'https://example.com/course15.jpg', 'Русский', 'Основы интернет-маркетинга', 69.99, 5, 5);

INSERT INTO courses (created, description, image_url, language, name, price, author_id, category_id)
VALUES ('2023-06-07', 'Научитесь создавать динамические веб-приложения с использованием JavaScript и фреймворка React. В этом курсе вы изучите основы JavaScript, включая работу с переменными, функциями, циклами и событиями. Вы также научитесь использовать фреймворк React для создания современных веб-приложений.', 'https://example.com/course16.jpg', 'Русский', 'JavaScript и React', 89.99, 6, 1);

INSERT INTO courses (created, description, image_url, language, name, price, author_id, category_id)
VALUES ('2023-06-06', 'Основы графического дизайна: цвет, композиция, типографика. В этом курсе вы познакомитесь с основами графического дизайна, включая цветовую теорию, композицию и типографику. Вы изучите различные инструменты и техники графического дизайна и научитесь создавать привлекательные и эффективные дизайны.', 'https://example.com/course17.jpg', 'Русский', 'Основы графического дизайна', 79.99, 7, 2);

INSERT INTO courses (created, description, image_url, language, name, price, author_id, category_id)
VALUES ('2023-06-05', 'Научитесь разрабатывать мобильные приложения для iOS с использованием Swift. В этом курсе вы изучите основы языка программирования Swift, особенности разработки для платформы iOS и создадите свое первое мобильное приложение. Вы также узнаете о процессе публикации приложений в App Store.', 'https://example.com/course18.jpg', 'Русский', 'Разработка мобильных приложений для iOS', 89.99, 8, 3);

INSERT INTO courses (created, description, image_url, language, name, price, author_id, category_id)
VALUES ('2023-06-04', 'Научитесь создавать динамические веб-сайты с использованием PHP и баз данных MySQL. В этом курсе вы изучите основы PHP, включая работу с переменными, функциями, циклами и работу с базами данных MySQL. Вы создадите несколько проектов, чтобы закрепить полученные знания.', 'https://example.com/course19.jpg', 'Русский', 'PHP и MySQL', 79.99, 9, 4);

INSERT INTO courses (created, description, image_url, language, name, price, author_id, category_id)
VALUES ('2023-06-03', 'Изучите основы искусственного интеллекта и машинного обучения. В этом курсе вы узнаете о ключевых концепциях и методах искусственного интеллекта, а также о принципах и алгоритмах машинного обучения. Вы также примените полученные знания на практике, разработав свою собственную модель машинного обучения.', 'https://example.com/course20.jpg', 'Русский', 'Основы искусственного интеллекта и машинного обучения', 99.99, 2, 5);









INSERT INTO courses (created, description, image_url, language, name, price, author_id, category_id)
VALUES ('2023-06-07', 'Изучите основы разработки веб-сайтов с помощью HTML и CSS. В этом курсе вы познакомитесь с основными принципами HTML и CSS, научитесь создавать веб-страницы и стилизовать их. Вы также изучите различные техники верстки и узнаете о современных подходах к созданию адаптивных веб-сайтов.', 'https://example.com/course1.jpg', 'Русский', 'Полное руководство по HTML и CSS', 49.99, 1, 1);

INSERT INTO courses (created, description, image_url, language, name, price, author_id, category_id)
VALUES ('2023-06-06', 'Научитесь создавать мобильные приложения для iOS и Android. В этом курсе вы изучите основы разработки мобильных приложений с использованием популярных фреймворков и инструментов. Вы научитесь создавать интерфейсы, добавлять функциональность и тестировать свои приложения на различных устройствах.', 'https://example.com/course2.jpg', 'Русский', 'Разработка мобильных приложений на iOS и Android', 79.99, 2, 2);

INSERT INTO courses (created, description, image_url, language, name, price, author_id, category_id)
VALUES ('2023-06-05', 'Основы искусственного интеллекта и его применение в реальном мире. В этом курсе вы узнаете основы искусственного интеллекта, включая различные подходы и алгоритмы. Вы изучите примеры применения искусственного интеллекта в различных областях, таких как медицина, финансы и автоматизация.', 'https://example.com/course3.jpg', 'Русский', 'Основы искусственного интеллекта', 59.99, 3, 3);

INSERT INTO courses (created, description, image_url, language, name, price, author_id, category_id)
VALUES ('2023-06-04', 'Изучите алгоритмы машинного обучения и их применение. В этом курсе вы познакомитесь с различными алгоритмами машинного обучения, такими как линейная регрессия, решающие деревья, ансамбли моделей и нейронные сети. Вы также узнаете, как применять эти алгоритмы к реальным задачам и оценивать их производительность.', 'https://example.com/course4.jpg', 'Русский', 'Введение в машинное обучение', 89.99, 4, 4);

INSERT INTO courses (created, description, image_url, language, name, price, author_id, category_id)
VALUES ('2023-06-03', 'Изучите основы блокчейна и криптовалют, создайте свою собственную криптовалюту. В этом курсе вы узнаете, как работает технология блокчейн, изучите основы криптографии и узнаете о различных типах криптовалют. Вы также научитесь создавать свою собственную криптовалюту на базе блокчейн.', 'https://example.com/course5.jpg', 'Русский', 'Основы блокчейна и криптовалют', 69.99, 5, 5);

INSERT INTO courses (created, description, image_url, language, name, price, author_id, category_id)
VALUES ('2023-06-07', 'Изучите современные подходы к дизайну интерфейсов. В этом курсе вы узнаете о принципах пользовательского опыта (UX) и пользовательского интерфейса (UI) дизайна. Вы изучите различные методики проектирования интерфейсов, проведете исследование пользователей и создадите прототипы своих проектов.', 'https://example.com/course6.jpg', 'Русский', 'Дизайн интерфейсов: современные подходы', 59.99, 6, 1);

INSERT INTO courses (created, description, image_url, language, name, price, author_id, category_id)
VALUES ('2023-06-06', 'Основы графического дизайна: цвет, композиция, типографика. В этом курсе вы познакомитесь с основами графического дизайна, включая цветовую теорию, композицию и типографику. Вы изучите различные инструменты и техники графического дизайна и научитесь создавать привлекательные и эффективные дизайны.', 'https://example.com/course7.jpg', 'Русский', 'Основы графического дизайна', 79.99, 7, 2);

INSERT INTO courses (created, description, image_url, language, name, price, author_id, category_id)
VALUES ('2023-06-05', 'Научитесь создавать динамические веб-приложения с использованием JavaScript и фреймворка React. В этом курсе вы изучите основы JavaScript, включая работу с переменными, функциями, циклами и событиями. Вы также научитесь использовать фреймворк React для создания современных веб-приложений.', 'https://example.com/course8.jpg', 'Русский', 'JavaScript и React', 89.99, 8, 3);

INSERT INTO courses (created, description, image_url, language, name, price, author_id, category_id)
VALUES ('2023-06-04', 'Изучите основы анализа данных и машинного обучения с использованием языка программирования Python. В этом курсе вы узнаете, как использовать Python для сбора, обработки и визуализации данных. Вы также изучите различные алгоритмы машинного обучения и примените их к реальным наборам данных.', 'https://example.com/course9.jpg', 'Русский', 'Python для анализа данных и машинного обучения', 99.99, 9, 4);

INSERT INTO courses (created, description, image_url, language, name, price, author_id, category_id)
VALUES ('2023-06-03', 'Научитесь создавать современные веб-приложения с использованием фреймворка Django. В этом курсе вы изучите основы веб-разработки с использованием языка программирования Python и фреймворка Django. Вы научитесь создавать модели данных, обрабатывать формы, авторизацию пользователей и развертывать свои приложения на сервере.', 'https://example.com/course10.jpg', 'Русский', 'Web-разработка с Django', 79.99, 10, 5);



INSERT INTO courses (created, description, image_url, language, name, price, author_id, category_id)
VALUES ('2023-06-07', 'Основы управления проектами: планирование, выполнение и контроль. В этом курсе вы узнаете о ключевых принципах и методах управления проектами. Вы научитесь составлять планы проектов, распределять ресурсы, контролировать выполнение задач и оценивать результаты проектов.', 'https://example.com/course21.jpg', 'Русский', 'Основы управления проектами', 69.99, 3, 1);

INSERT INTO courses (created, description, image_url, language, name, price, author_id, category_id)
VALUES ('2023-06-06', 'Научитесь создавать динамические веб-приложения с использованием фреймворка Angular. В этом курсе вы изучите основы Angular, включая компоненты, сервисы, маршрутизацию и обработку форм. Вы разработаете несколько проектов, чтобы закрепить полученные знания.', 'https://example.com/course22.jpg', 'Русский', 'Разработка веб-приложений с Angular', 79.99, 4, 2);

INSERT INTO courses (created, description, image_url, language, name, price, author_id, category_id)
VALUES ('2023-06-05', 'Основы кибербезопасности: защита информации и противодействие киберугрозам. В этом курсе вы узнаете о ключевых аспектах кибербезопасности, методах защиты информации и противодействии киберугрозам. Вы изучите основные уязвимости и атаки, а также научитесь применять меры по обеспечению безопасности в сети.', 'https://example.com/course23.jpg', 'Русский', 'Основы кибербезопасности', 59.99, 5, 3);

INSERT INTO courses (created, description, image_url, language, name, price, author_id, category_id)
VALUES ('2023-06-04', 'Научитесь создавать анимацию и спецэффекты с использованием программы Adobe After Effects. В этом курсе вы изучите основы работы с интерфейсом After Effects, создания анимации, добавления визуальных эффектов и композитинга. Вы создадите несколько проектов, чтобы закрепить полученные навыки.', 'https://example.com/course24.jpg', 'Русский', 'Анимация и спецэффекты с After Effects', 89.99, 6, 1);

INSERT INTO courses (created, description, image_url, language, name, price, author_id, category_id)
VALUES ('2023-06-03', 'Изучите основы разработки игр с использованием движка Unity. В этом курсе вы научитесь создавать игровые сцены, добавлять персонажей, управление и логику игры. Вы также изучите основы моделирования 3D-объектов и добавления анимации в игровой процесс.', 'https://example.com/course25.jpg', 'Русский', 'Разработка игр с Unity', 79.99, 7, 4);

INSERT INTO courses (created, description, image_url, language, name, price, author_id, category_id)
VALUES ('2023-06-07', 'Основы аналитики данных: сбор, обработка и визуализация данных. В этом курсе вы узнаете о процессе анализа данных, включая сбор, очистку, преобразование и визуализацию данных. Вы научитесь использовать популярные инструменты аналитики данных и применять различные методы анализа.', 'https://example.com/course26.jpg', 'Русский', 'Основы аналитики данных', 89.99, 8, 2);

INSERT INTO courses (created, description, image_url, language, name, price, author_id, category_id)
VALUES ('2023-06-06', 'Научитесь создавать динамические веб-приложения с использованием фреймворка Laravel. В этом курсе вы изучите основы разработки веб-приложений с использованием языка программирования PHP и фреймворка Laravel. Вы научитесь создавать модели данных, обрабатывать формы, работать с базой данных и развертывать свои приложения на сервере.', 'https://example.com/course27.jpg', 'Русский', 'Web-разработка с Laravel', 79.99, 9, 3);

INSERT INTO courses (created, description, image_url, language, name, price, author_id, category_id)
VALUES ('2023-06-05', 'Изучите основы машинного обучения с использованием языка программирования R. В этом курсе вы узнаете о ключевых концепциях и методах машинного обучения, а также научитесь применять их с помощью языка программирования R. Вы разработаете свою собственную модель машинного обучения и примените ее к реальным данным.', 'https://example.com/course28.jpg', 'Русский', 'Машинное обучение с R', 89.99, 10, 1);

INSERT INTO courses (created, description, image_url, language, name, price, author_id, category_id)
VALUES ('2023-06-04', 'Научитесь разрабатывать приложения для Android с использованием языка программирования Kotlin. В этом курсе вы изучите основы разработки для платформы Android, включая создание пользовательского интерфейса, обработку событий, работу с базами данных и взаимодействие с внешними сервисами.', 'https://example.com/course29.jpg', 'Русский', 'Разработка Android-приложений с Kotlin', 99.99, 1, 2);

INSERT INTO courses (created, description, image_url, language, name, price, author_id, category_id)
VALUES ('2023-06-03', 'Основы кибербезопасности и защиты данных. В этом курсе вы узнаете о ключевых аспектах кибербезопасности, включая угрозы информационной безопасности, методы защиты данных и аудит безопасности. Вы научитесь применять современные технологии и методы для обеспечения безопасности информационных систем.', 'https://example.com/course30.jpg', 'Русский', 'Основы кибербезопасности', 69.99, 2, 3);



INSERT INTO sections (name, course_id)
VALUES ('Введение в программирование', 7);

INSERT INTO sections (name, course_id)
VALUES ('Основы языка JavaScript', 11);

INSERT INTO sections (name, course_id)
VALUES ('Углубленное изучение JavaScript', 12);

INSERT INTO sections (name, course_id)
VALUES ('Введение в алгоритмы', 34);

INSERT INTO sections (name, course_id)
VALUES ('Сортировка и поиск', 34);

INSERT INTO sections (name, course_id)
VALUES ('Структуры данных', 35);

INSERT INTO sections (name, course_id)
VALUES ('Основы дизайна интерфейсов', 35);

INSERT INTO sections (name, course_id)
VALUES ('Проектирование пользовательских интерфейсов', 36);

INSERT INTO sections (name, course_id)
VALUES ('Введение в базы данных', 36);

INSERT INTO sections (name, course_id)
VALUES ('Основы фотографии', 37);

INSERT INTO sections (name, course_id)
VALUES ('Композиция и свет', 37);

INSERT INTO sections (name, course_id)
VALUES ('Обработка изображений', 38);

INSERT INTO sections (name, course_id)
VALUES ('Введение в мобильную разработку', 38);

INSERT INTO sections (name, course_id)
VALUES ('Основы разработки под Android', 39);

INSERT INTO sections (name, course_id)
VALUES ('Введение в машинное обучение', 40);

INSERT INTO sections (name, course_id)
VALUES ('Линейные модели', 40);

INSERT INTO sections (name, course_id)
VALUES ('Деревья решений и ансамбли', 5);

INSERT INTO sections (name, course_id)
VALUES ('Основы финансов', 7);

INSERT INTO sections (name, course_id)
VALUES ('Управление инвестициями', 7);

INSERT INTO sections (name, course_id)
VALUES ('Финансовый анализ', 7);

INSERT INTO sections (name, course_id)
VALUES ('Введение в маркетинг', 9);

INSERT INTO sections (name, course_id)
VALUES ('Маркетинговые стратегии', 9);

INSERT INTO sections (name, course_id)
VALUES ('Основы программирования на Python', 9);

INSERT INTO sections (name, course_id)
VALUES ('Структуры данных и алгоритмы на Python', 9);

INSERT INTO sections (name, course_id)
VALUES ('Web-разработка на Python', 9);

INSERT INTO sections (name, course_id)
VALUES ('Введение в фронтенд разработку', 10);

INSERT INTO sections (name, course_id)
VALUES ('HTML и CSS', 10);

INSERT INTO sections (name, course_id)
VALUES ('JavaScript и jQuery', 10);

INSERT INTO sections (name, course_id)
VALUES ('Основы анализа данных', 11);

INSERT INTO sections (name, course_id)
VALUES ('Машинное обучение и статистика', 11);

INSERT INTO sections (name, course_id)
VALUES ('Системное программирование', 12);

INSERT INTO sections (name, course_id)
VALUES ('Сетевые технологии', 12);

INSERT INTO sections (name, course_id)
VALUES ('Основы физики', 13);

INSERT INTO sections (name, course_id)
VALUES ('Механика', 13);

INSERT INTO sections (name, course_id)
VALUES ('Электродинамика', 13);

INSERT INTO sections (name, course_id)
VALUES ('Основы бизнеса', 14);

INSERT INTO sections (name, course_id)
VALUES ('Управление проектами', 14);

INSERT INTO sections (name, course_id)
VALUES ('Основы финансового учета', 14);

INSERT INTO sections (name, course_id)
VALUES ('Введение в робототехнику', 15);

INSERT INTO sections (name, course_id)
VALUES ('Основы программирования роботов', 15);

INSERT INTO sections (name, course_id)
VALUES ('Компьютерная графика', 16);

INSERT INTO sections (name, course_id)
VALUES ('Алгоритмы компьютерной графики', 16);

INSERT INTO sections (name, course_id)
VALUES ('Виртуальная реальность', 16);

INSERT INTO sections (name, course_id)
VALUES ('Основы экономики', 17);

INSERT INTO sections (name, course_id)
VALUES ('Макроэкономика', 17);

INSERT INTO sections (name, course_id)
VALUES ('Микроэкономика', 17);

INSERT INTO sections (name, course_id)
VALUES ('Основы статистики', 18);

INSERT INTO sections (name, course_id)
VALUES ('Регрессионный анализ', 18);

INSERT INTO sections (name, course_id)
VALUES ('Статистические тесты', 18);

INSERT INTO sections (name, course_id)
VALUES ('Введение в искусственный интеллект', 19);

INSERT INTO sections (name, course_id)
VALUES ('Обучение с учителем', 19);

INSERT INTO sections (name, course_id)
VALUES ('Глубокое обучение', 19);

INSERT INTO sections (name, course_id)
VALUES ('Основы права', 20);

INSERT INTO sections (name, course_id)
VALUES ('Гражданское право', 20);

INSERT INTO sections (name, course_id)
VALUES ('Трудовое право', 20);


INSERT INTO lessons (description, duration, title, video_url, section_id) VALUES
    ('Введение в основы программирования', 45.5, 'Основы программирования: понятия и принципы', 'https://www.youtube.com/watch?v=abc123', 45);

INSERT INTO lessons (description, duration, title, video_url, section_id) VALUES
    ('Переменные и типы данных', 60.2, 'Основы программирования: переменные и типы данных', 'https://www.youtube.com/watch?v=def456', 46);

INSERT INTO lessons (description, duration, title, video_url, section_id) VALUES
    ('Условные операторы и циклы', 75.8, 'Основы программирования: условные операторы и циклы', 'https://www.youtube.com/watch?v=ghi789', 47);

INSERT INTO lessons (description, duration, title, video_url, section_id) VALUES
    ('Введение в JavaScript', 30.5, 'Основы языка JavaScript: введение и история', 'https://www.youtube.com/watch?v=abc123', 48);

INSERT INTO lessons (description, duration, title, video_url, section_id) VALUES
    ('Переменные и типы данных в JavaScript', 45.2, 'Основы языка JavaScript: переменные и типы данных', 'https://www.youtube.com/watch?v=def456', 49);

INSERT INTO lessons (description, duration, title, video_url, section_id) VALUES
    ('Условные операторы и циклы в JavaScript', 60.8, 'Основы языка JavaScript: условные операторы и циклы', 'https://www.youtube.com/watch?v=ghi789', 50);

INSERT INTO lessons (description, duration, title, video_url, section_id) VALUES
    ('Функции высшего порядка в JavaScript', 50.5, 'Углубленное изучение JavaScript: функции высшего порядка', 'https://www.youtube.com/watch?v=abc123', 51);

INSERT INTO lessons (description, duration, title, video_url, section_id) VALUES
    ('Прототипное наследование в JavaScript', 65.2, 'Углубленное изучение JavaScript: прототипное наследование', 'https://www.youtube.com/watch?v=def456', 52);



INSERT INTO lessons (description, duration, title, video_url, section_id) VALUES
    ('Введение в основы программирования', 45.5, 'Основы программирования: понятия и принципы', 'https://www.youtube.com/watch?v=abc123', 53);

INSERT INTO lessons (description, duration, title, video_url, section_id) VALUES
    ('Переменные и типы данных', 60.2, 'Основы программирования: переменные и типы данных', 'https://www.youtube.com/watch?v=def456', 54);

INSERT INTO lessons (description, duration, title, video_url, section_id) VALUES
    ('Условные операторы и циклы', 75.8, 'Основы программирования: условные операторы и циклы', 'https://www.youtube.com/watch?v=ghi789', 55);

INSERT INTO lessons (description, duration, title, video_url, section_id) VALUES
    ('Введение в JavaScript', 30.5, 'Основы языка JavaScript: введение и история', 'https://www.youtube.com/watch?v=abc123', 55);

INSERT INTO lessons (description, duration, title, video_url, section_id) VALUES
    ('Переменные и типы данных в JavaScript', 45.2, 'Основы языка JavaScript: переменные и типы данных', 'https://www.youtube.com/watch?v=def456', 55);

INSERT INTO lessons (description, duration, title, video_url, section_id) VALUES
    ('Условные операторы и циклы в JavaScript', 60.8, 'Основы языка JavaScript: условные операторы и циклы', 'https://www.youtube.com/watch?v=ghi789', 58);

INSERT INTO lessons (description, duration, title, video_url, section_id) VALUES
    ('Функции высшего порядка в JavaScript', 50.5, 'Углубленное изучение JavaScript: функции высшего порядка', 'https://www.youtube.com/watch?v=abc123', 59);

INSERT INTO lessons (description, duration, title, video_url, section_id) VALUES
    ('Прототипное наследование в JavaScript', 65.2, 'Углубленное изучение JavaScript: прототипное наследование', 'https://www.youtube.com/watch?v=def456', 60);



INSERT INTO lessons (description, duration, title, video_url, section_id) VALUES
    ('Введение в основы программирования', 45.5, 'Основы программирования: понятия и принципы', 'https://www.youtube.com/watch?v=abc123', 61);

INSERT INTO lessons (description, duration, title, video_url, section_id) VALUES
    ('Переменные и типы данных', 60.2, 'Основы программирования: переменные и типы данных', 'https://www.youtube.com/watch?v=def456', 62);

INSERT INTO lessons (description, duration, title, video_url, section_id) VALUES
    ('Условные операторы и циклы', 75.8, 'Основы программирования: условные операторы и циклы', 'https://www.youtube.com/watch?v=ghi789', 63);

INSERT INTO lessons (description, duration, title, video_url, section_id) VALUES
    ('Введение в JavaScript', 30.5, 'Основы языка JavaScript: введение и история', 'https://www.youtube.com/watch?v=abc123', 64);

INSERT INTO lessons (description, duration, title, video_url, section_id) VALUES
    ('Переменные и типы данных в JavaScript', 45.2, 'Основы языка JavaScript: переменные и типы данных', 'https://www.youtube.com/watch?v=def456', 65);

INSERT INTO lessons (description, duration, title, video_url, section_id) VALUES
    ('Условные операторы и циклы в JavaScript', 60.8, 'Основы языка JavaScript: условные операторы и циклы', 'https://www.youtube.com/watch?v=ghi789', 66);

INSERT INTO lessons (description, duration, title, video_url, section_id) VALUES
    ('Функции высшего порядка в JavaScript', 50.5, 'Углубленное изучение JavaScript: функции высшего порядка', 'https://www.youtube.com/watch?v=abc123', 67);

INSERT INTO lessons (description, duration, title, video_url, section_id) VALUES
    ('Прототипное наследование в JavaScript', 65.2, 'Углубленное изучение JavaScript: прототипное наследование', 'https://www.youtube.com/watch?v=def456', 68);


INSERT INTO lessons (description, duration, title, video_url, section_id) VALUES
    ('Введение в основы программирования', 45.5, 'Основы программирования: понятия и принципы', 'https://www.youtube.com/watch?v=abc123', 69);

INSERT INTO lessons (description, duration, title, video_url, section_id) VALUES
    ('Переменные и типы данных', 60.2, 'Основы программирования: переменные и типы данных', 'https://www.youtube.com/watch?v=def456', 70);

INSERT INTO lessons (description, duration, title, video_url, section_id) VALUES
    ('Условные операторы и циклы', 75.8, 'Основы программирования: условные операторы и циклы', 'https://www.youtube.com/watch?v=ghi789', 71);

INSERT INTO lessons (description, duration, title, video_url, section_id) VALUES
    ('Введение в JavaScript', 30.5, 'Основы языка JavaScript: введение и история', 'https://www.youtube.com/watch?v=abc123', 14);

INSERT INTO lessons (description, duration, title, video_url, section_id) VALUES
    ('Переменные и типы данных в JavaScript', 45.2, 'Основы языка JavaScript: переменные и типы данных', 'https://www.youtube.com/watch?v=def456', 14);

INSERT INTO lessons (description, duration, title, video_url, section_id) VALUES
    ('Условные операторы и циклы в JavaScript', 60.8, 'Основы языка JavaScript: условные операторы и циклы', 'https://www.youtube.com/watch?v=ghi789', 16);

INSERT INTO lessons (description, duration, title, video_url, section_id) VALUES
    ('Функции высшего порядка в JavaScript', 50.5, 'Углубленное изучение JavaScript: функции высшего порядка', 'https://www.youtube.com/watch?v=abc123', 16);

INSERT INTO lessons (description, duration, title, video_url, section_id) VALUES
    ('Прототипное наследование в JavaScript', 65.2, 'Углубленное изучение JavaScript: прототипное наследование', 'https://www.youtube.com/watch?v=def456', 16);



INSERT INTO lessons (description, duration, title, video_url, section_id) VALUES
    ('Введение в основы программирования', 45.5, 'Основы программирования: понятия и принципы', 'https://www.youtube.com/watch?v=abc123', 17);

INSERT INTO lessons (description, duration, title, video_url, section_id) VALUES
    ('Переменные и типы данных', 60.2, 'Основы программирования: переменные и типы данных', 'https://www.youtube.com/watch?v=def456', 17);

INSERT INTO lessons (description, duration, title, video_url, section_id) VALUES
    ('Условные операторы и циклы', 75.8, 'Основы программирования: условные операторы и циклы', 'https://www.youtube.com/watch?v=ghi789', 18);

INSERT INTO lessons (description, duration, title, video_url, section_id) VALUES
    ('Введение в JavaScript', 30.5, 'Основы языка JavaScript: введение и история', 'https://www.youtube.com/watch?v=abc123', 18);

INSERT INTO lessons (description, duration, title, video_url, section_id) VALUES
    ('Переменные и типы данных в JavaScript', 45.2, 'Основы языка JavaScript: переменные и типы данных', 'https://www.youtube.com/watch?v=def456', 19);

INSERT INTO lessons (description, duration, title, video_url, section_id) VALUES
    ('Условные операторы и циклы в JavaScript', 60.8, 'Основы языка JavaScript: условные операторы и циклы', 'https://www.youtube.com/watch?v=ghi789', 19);

INSERT INTO lessons (description, duration, title, video_url, section_id) VALUES
    ('Функции высшего порядка в JavaScript', 50.5, 'Углубленное изучение JavaScript: функции высшего порядка', 'https://www.youtube.com/watch?v=abc123', 20);

INSERT INTO lessons (description, duration, title, video_url, section_id) VALUES
    ('Прототипное наследование в JavaScript', 65.2, 'Углубленное изучение JavaScript: прототипное наследование', 'https://www.youtube.com/watch?v=def456', 20);



INSERT INTO lessons (description, duration, title, video_url, section_id) VALUES
    ('Введение в основы программирования', 45.5, 'Основы программирования: понятия и принципы', 'https://www.youtube.com/watch?v=abc123', 21);

INSERT INTO lessons (description, duration, title, video_url, section_id) VALUES
    ('Переменные и типы данных', 60.2, 'Основы программирования: переменные и типы данных', 'https://www.youtube.com/watch?v=def456', 21);

INSERT INTO lessons (description, duration, title, video_url, section_id) VALUES
    ('Условные операторы и циклы', 75.8, 'Основы программирования: условные операторы и циклы', 'https://www.youtube.com/watch?v=ghi789', 21);

INSERT INTO lessons (description, duration, title, video_url, section_id) VALUES
    ('Введение в JavaScript', 30.5, 'Основы языка JavaScript: введение и история', 'https://www.youtube.com/watch?v=abc123', 23);

INSERT INTO lessons (description, duration, title, video_url, section_id) VALUES
    ('Переменные и типы данных в JavaScript', 45.2, 'Основы языка JavaScript: переменные и типы данных', 'https://www.youtube.com/watch?v=def456', 23);

INSERT INTO lessons (description, duration, title, video_url, section_id) VALUES
    ('Условные операторы и циклы в JavaScript', 60.8, 'Основы языка JavaScript: условные операторы и циклы', 'https://www.youtube.com/watch?v=ghi789', 23);

INSERT INTO lessons (description, duration, title, video_url, section_id) VALUES
    ('Функции высшего порядка в JavaScript', 50.5, 'Углубленное изучение JavaScript: функции высшего порядка', 'https://www.youtube.com/watch?v=abc123', 24);

INSERT INTO lessons (description, duration, title, video_url, section_id) VALUES
    ('Прототипное наследование в JavaScript', 65.2, 'Углубленное изучение JavaScript: прототипное наследование', 'https://www.youtube.com/watch?v=def456', 24);


INSERT INTO lessons (description, duration, title, video_url, section_id) VALUES
    ('Введение в основы программирования', 45.5, 'Основы программирования: понятия и принципы', 'https://www.youtube.com/watch?v=abc123', 25);

INSERT INTO lessons (description, duration, title, video_url, section_id) VALUES
    ('Переменные и типы данных', 60.2, 'Основы программирования: переменные и типы данных', 'https://www.youtube.com/watch?v=def456', 25);

INSERT INTO lessons (description, duration, title, video_url, section_id) VALUES
    ('Условные операторы и циклы', 75.8, 'Основы программирования: условные операторы и циклы', 'https://www.youtube.com/watch?v=ghi789', 26);

INSERT INTO lessons (description, duration, title, video_url, section_id) VALUES
    ('Введение в JavaScript', 30.5, 'Основы языка JavaScript: введение и история', 'https://www.youtube.com/watch?v=abc123', 26);

INSERT INTO lessons (description, duration, title, video_url, section_id) VALUES
    ('Переменные и типы данных в JavaScript', 45.2, 'Основы языка JavaScript: переменные и типы данных', 'https://www.youtube.com/watch?v=def456', 27);

INSERT INTO lessons (description, duration, title, video_url, section_id) VALUES
    ('Условные операторы и циклы в JavaScript', 60.8, 'Основы языка JavaScript: условные операторы и циклы', 'https://www.youtube.com/watch?v=ghi789', 27);

INSERT INTO lessons (description, duration, title, video_url, section_id) VALUES
    ('Функции высшего порядка в JavaScript', 50.5, 'Углубленное изучение JavaScript: функции высшего порядка', 'https://www.youtube.com/watch?v=abc123', 28);

INSERT INTO lessons (description, duration, title, video_url, section_id) VALUES
    ('Прототипное наследование в JavaScript', 65.2, 'Углубленное изучение JavaScript: прототипное наследование', 'https://www.youtube.com/watch?v=def456', 28);



INSERT INTO lessons (description, duration, title, video_url, section_id) VALUES
    ('Введение в основы программирования', 45.5, 'Основы программирования: понятия и принципы', 'https://www.youtube.com/watch?v=abc123', 29);

INSERT INTO lessons (description, duration, title, video_url, section_id) VALUES
    ('Переменные и типы данных', 60.2, 'Основы программирования: переменные и типы данных', 'https://www.youtube.com/watch?v=def456', 29);

INSERT INTO lessons (description, duration, title, video_url, section_id) VALUES
    ('Условные операторы и циклы', 75.8, 'Основы программирования: условные операторы и циклы', 'https://www.youtube.com/watch?v=ghi789', 30);

INSERT INTO lessons (description, duration, title, video_url, section_id) VALUES
    ('Введение в JavaScript', 30.5, 'Основы языка JavaScript: введение и история', 'https://www.youtube.com/watch?v=abc123', 30);



INSERT INTO lessons (description, duration, title, video_url, section_id) VALUES
    ('Введение в основы программирования', 45.5, 'Основы программирования: понятия и принципы', 'https://www.youtube.com/watch?v=abc123', 31);

INSERT INTO lessons (description, duration, title, video_url, section_id) VALUES
    ('Переменные и типы данных', 60.2, 'Основы программирования: переменные и типы данных', 'https://www.youtube.com/watch?v=def456', 31);

INSERT INTO lessons (description, duration, title, video_url, section_id) VALUES
    ('Условные операторы и циклы', 75.8, 'Основы программирования: условные операторы и циклы', 'https://www.youtube.com/watch?v=ghi789', 32);

INSERT INTO lessons (description, duration, title, video_url, section_id) VALUES
    ('Введение в JavaScript', 30.5, 'Основы языка JavaScript: введение и история', 'https://www.youtube.com/watch?v=abc123', 32);

INSERT INTO lessons (description, duration, title, video_url, section_id) VALUES
    ('Переменные и типы данных в JavaScript', 45.2, 'Основы языка JavaScript: переменные и типы данных', 'https://www.youtube.com/watch?v=def456', 33);

INSERT INTO lessons (description, duration, title, video_url, section_id) VALUES
    ('Условные операторы и циклы в JavaScript', 60.8, 'Основы языка JavaScript: условные операторы и циклы', 'https://www.youtube.com/watch?v=ghi789', 33);

INSERT INTO lessons (description, duration, title, video_url, section_id) VALUES
    ('Функции высшего порядка в JavaScript', 50.5, 'Углубленное изучение JavaScript: функции высшего порядка', 'https://www.youtube.com/watch?v=abc123', 34);

INSERT INTO lessons (description, duration, title, video_url, section_id) VALUES
    ('Прототипное наследование в JavaScript', 65.2, 'Углубленное изучение JavaScript: прототипное наследование', 'https://www.youtube.com/watch?v=def456', 34);


INSERT INTO lessons (description, duration, title, video_url, section_id) VALUES
    ('Введение в основы программирования', 45.5, 'Основы программирования: понятия и принципы', 'https://www.youtube.com/watch?v=abc123', 35);

INSERT INTO lessons (description, duration, title, video_url, section_id) VALUES
    ('Переменные и типы данных', 60.2, 'Основы программирования: переменные и типы данных', 'https://www.youtube.com/watch?v=def456', 35);

INSERT INTO lessons (description, duration, title, video_url, section_id) VALUES
    ('Условные операторы и циклы', 75.8, 'Основы программирования: условные операторы и циклы', 'https://www.youtube.com/watch?v=ghi789', 36);

INSERT INTO lessons (description, duration, title, video_url, section_id) VALUES
    ('Введение в JavaScript', 30.5, 'Основы языка JavaScript: введение и история', 'https://www.youtube.com/watch?v=abc123', 36);

INSERT INTO lessons (description, duration, title, video_url, section_id) VALUES
    ('Переменные и типы данных в JavaScript', 45.2, 'Основы языка JavaScript: переменные и типы данных', 'https://www.youtube.com/watch?v=def456', 37);

INSERT INTO lessons (description, duration, title, video_url, section_id) VALUES
    ('Условные операторы и циклы в JavaScript', 60.8, 'Основы языка JavaScript: условные операторы и циклы', 'https://www.youtube.com/watch?v=ghi789', 37);

INSERT INTO lessons (description, duration, title, video_url, section_id) VALUES
    ('Функции высшего порядка в JavaScript', 50.5, 'Углубленное изучение JavaScript: функции высшего порядка', 'https://www.youtube.com/watch?v=abc123', 38);

INSERT INTO lessons (description, duration, title, video_url, section_id) VALUES
    ('Прототипное наследование в JavaScript', 65.2, 'Углубленное изучение JavaScript: прототипное наследование', 'https://www.youtube.com/watch?v=def456', 38);



INSERT INTO lessons (description, duration, title, video_url, section_id) VALUES
    ('Введение в основы программирования', 45.5, 'Основы программирования: понятия и принципы', 'https://www.youtube.com/watch?v=abc123', 39);

INSERT INTO lessons (description, duration, title, video_url, section_id) VALUES
    ('Переменные и типы данных', 60.2, 'Основы программирования: переменные и типы данных', 'https://www.youtube.com/watch?v=def456', 39);

INSERT INTO lessons (description, duration, title, video_url, section_id) VALUES
    ('Условные операторы и циклы', 75.8, 'Основы программирования: условные операторы и циклы', 'https://www.youtube.com/watch?v=ghi789', 30);

INSERT INTO lessons (description, duration, title, video_url, section_id) VALUES
    ('Введение в JavaScript', 30.5, 'Основы языка JavaScript: введение и история', 'https://www.youtube.com/watch?v=abc123', 40);

INSERT INTO lessons (description, duration, title, video_url, section_id) VALUES
    ('Введение в JavaScript', 30.5, 'Основы языка JavaScript: введение и история', 'https://www.youtube.com/watch?v=abc123', 40);


INSERT INTO lessons (description, duration, title, video_url, section_id) VALUES
    ('Переменные и типы данных', 60.2, 'Основы программирования: переменные и типы данных', 'https://www.youtube.com/watch?v=def456', 41);

INSERT INTO lessons (description, duration, title, video_url, section_id) VALUES
    ('Условные операторы и циклы', 75.8, 'Основы программирования: условные операторы и циклы', 'https://www.youtube.com/watch?v=ghi789', 42);

INSERT INTO lessons (description, duration, title, video_url, section_id) VALUES
    ('Введение в JavaScript', 30.5, 'Основы языка JavaScript: введение и история', 'https://www.youtube.com/watch?v=abc123', 42);

INSERT INTO lessons (description, duration, title, video_url, section_id) VALUES
    ('Переменные и типы данных в JavaScript', 45.2, 'Основы языка JavaScript: переменные и типы данных', 'https://www.youtube.com/watch?v=def456', 43);

INSERT INTO lessons (description, duration, title, video_url, section_id) VALUES
    ('Условные операторы и циклы в JavaScript', 60.8, 'Основы языка JavaScript: условные операторы и циклы', 'https://www.youtube.com/watch?v=ghi789', 43);

INSERT INTO lessons (description, duration, title, video_url, section_id) VALUES
    ('Функции высшего порядка в JavaScript', 50.5, 'Углубленное изучение JavaScript: функции высшего порядка', 'https://www.youtube.com/watch?v=abc123', 44);

INSERT INTO lessons (description, duration, title, video_url, section_id) VALUES
    ('Прототипное наследование в JavaScript', 65.2, 'Углубленное изучение JavaScript: прототипное наследование', 'https://www.youtube.com/watch?v=def456', 44);




INSERT INTO comments (date, description, title, lesson_id, user_id) VALUES
    ('2023-06-07', 'Отличный урок! Мне очень понравилось изучать основы программирования. Теперь я лучше понимаю, как работают переменные и типы данных.', 'Отзыв о уроке "Введение в основы программирования"', 1, 11);

INSERT INTO comments (date, description, title, lesson_id, user_id) VALUES
    ('2023-06-06', 'Спасибо за информативный урок! Очень хорошее объяснение темы о переменных и типах данных в JavaScript.', 'Отзыв о уроке "Введение в основы программирования"', 1, 16);

INSERT INTO comments (date, description, title, lesson_id, user_id) VALUES
    ('2023-06-05', 'Урок был очень полезным. Я теперь понимаю, как правильно объявлять переменные и работать с разными типами данных в JavaScript.', 'Отзыв о уроке "Введение в основы программирования"', 1, 15);

INSERT INTO comments (date, description, title, lesson_id, user_id) VALUES
    ('2023-06-07', 'Спасибо за отличный урок! Я теперь лучше понимаю основы JavaScript. Это действительно полезная информация для начинающих разработчиков.', 'Отзыв о уроке "Введение в программирование"', 1, 10);

INSERT INTO comments (date, description, title, lesson_id, user_id) VALUES
    ('2023-06-06', 'Урок очень понятный и информативный. Я уже чувствую, что начинаю понимать JavaScript лучше благодаря этому уроку.', 'Отзыв о уроке "Переменные и типы данных"', 2, 11);

INSERT INTO comments (date, description, title, lesson_id, user_id) VALUES
    ('2023-06-05', 'Отличный материал! Урок оказался очень полезным для моего понимания условных операторов и циклов в JavaScript.', 'Отзыв о уроке "Условные операторы и циклы"', 3, 12);

INSERT INTO comments (date, description, title, lesson_id, user_id) VALUES
    ('2023-06-04', 'Спасибо за урок! Теперь я чувствую себя более уверенным в применении прототипного наследования в JavaScript.', 'Отзыв о уроке "Прототипное наследование в JavaScript"', 8, 13);

INSERT INTO comments (date, description, title, lesson_id, user_id) VALUES
    ('2023-06-03', 'Очень понятный и структурированный урок! Теперь я знаю, как работать с функциями высшего порядка в JavaScript.', 'Отзыв о уроке "Функции высшего порядка в JavaScript"', 7, 14);

INSERT INTO comments (date, description, title, lesson_id, user_id) VALUES
    ('2023-06-02', 'Спасибо за подробное объяснение переменных и типов данных в JavaScript. Урок был очень полезным!', 'Отзыв о уроке "Переменные и типы данных в JavaScript"', 5, 15);

INSERT INTO comments (date, description, title, lesson_id, user_id) VALUES
    ('2023-06-01', 'Очень интересный и полезный урок! Я понял, как использовать условные операторы и циклы для решения разных задач в JavaScript.', 'Отзыв о уроке "Условные операторы и циклы в JavaScript"', 6, 16);

INSERT INTO comments (date, description, title, lesson_id, user_id) VALUES
    ('2023-05-31', 'Отличный урок! Я понял, как работает наследование через прототипы в JavaScript.', 'Отзыв о уроке "Прототипное наследование в JavaScript"', 8, 17);

INSERT INTO comments (date, description, title, lesson_id, user_id) VALUES
    ('2023-05-30', 'Большое спасибо за урок! Функции высшего порядка оказались очень полезными в моих проектах.', 'Отзыв о уроке "Функции высшего порядка в JavaScript"', 7, 18);

INSERT INTO comments (date, description, title, lesson_id, user_id) VALUES
    ('2023-05-29', 'Урок оказался очень понятным и полезным. Теперь я знаю, как использовать структуры данных в JavaScript для решения задач.', 'Отзыв о уроке "Структуры данных в JavaScript"', 4, 19);

INSERT INTO comments (date, description, title, lesson_id, user_id) VALUES
    ('2023-05-28', 'Спасибо за урок! Я лучше понимаю алгоритмы и сортировку благодаря этому уроку.', 'Отзыв о уроке "Введение в алгоритмы"', 2, 20);

INSERT INTO comments (date, description, title, lesson_id, user_id) VALUES
    ('2023-06-07', 'Урок был очень интересным и познавательным. Теперь я лучше понимаю, как работает введение в программирование.', 'Отзыв о уроке "Введение в программирование"', 1, 10);

INSERT INTO comments (date, description, title, lesson_id, user_id) VALUES
    ('2023-06-06', 'Спасибо за урок о переменных и типах данных! Мне стало гораздо яснее, как правильно использовать переменные в своих программах.', 'Отзыв о уроке "Переменные и типы данных"', 2, 11);

INSERT INTO comments (date, description, title, lesson_id, user_id) VALUES
    ('2023-06-05', 'Отличный урок про условные операторы и циклы! Теперь я чувствую себя увереннее в написании логических выражений и использовании циклов в JavaScript.', 'Отзыв о уроке "Условные операторы и циклы"', 3, 12);

INSERT INTO comments (date, description, title, lesson_id, user_id) VALUES
    ('2023-06-04', 'Спасибо за подробное объяснение прототипного наследования в JavaScript! Это действительно интересная и важная тема для понимания.', 'Отзыв о уроке "Прототипное наследование в JavaScript"', 8, 13);

INSERT INTO comments (date, description, title, lesson_id, user_id) VALUES
    ('2023-06-03', 'Урок о функциях высшего порядка в JavaScript оказался очень полезным. Теперь я понимаю, как использовать их в своих проектах.', 'Отзыв о уроке "Функции высшего порядка в JavaScript"', 7, 14);

INSERT INTO comments (date, description, title, lesson_id, user_id) VALUES
    ('2023-06-02', 'Спасибо за урок о введении в JavaScript! Теперь я знаю основы языка и могу начать создавать свои программы.', 'Отзыв о уроке "Введение в JavaScript"', 4, 15);

INSERT INTO comments (date, description, title, lesson_id, user_id) VALUES
    ('2023-06-01', 'Очень понятный урок о переменных и типах данных в JavaScript. Теперь я знаю, как правильно объявлять переменные и использовать различные типы данных.', 'Отзыв о уроке "Переменные и типы данных в JavaScript"', 5, 16);

INSERT INTO comments (date, description, title, lesson_id, user_id) VALUES
    ('2023-05-31', 'Большое спасибо за урок по алгоритмам! Теперь я лучше понимаю, как работают алгоритмы и как применять их в своих проектах.', 'Отзыв о уроке "Введение в алгоритмы"', 2, 17);

INSERT INTO comments (date, description, title, lesson_id, user_id) VALUES
    ('2023-05-30', 'Урок про структуры данных в JavaScript был очень информативным. Теперь я знаю, как использовать различные структуры данных для оптимизации моих программ.', 'Отзыв о уроке "Структуры данных в JavaScript"', 6, 18);

INSERT INTO comments (date, description, title, lesson_id, user_id) VALUES
    ('2023-05-29', 'Очень хороший урок по сортировке и поиску в JavaScript. Теперь я могу эффективно сортировать данные и выполнять поиск по ним.', 'Отзыв о уроке "Сортировка и поиск в JavaScript"', 7, 19);

INSERT INTO comments (date, description, title, lesson_id, user_id) VALUES
    ('2023-05-28', 'Урок о введении в алгоритмы был просто великолепным! Теперь я понимаю, как разрабатывать и анализировать алгоритмы для решения различных задач.', 'Отзыв о уроке "Введение в алгоритмы"', 1, 20);



INSERT INTO reviews (date, description, grade, title, course_id, user_id) VALUES
    ('2023-06-07', 'Отличный курс! Материал был очень полезным и хорошо структурированным. Преподаватель ясно объяснял темы, и я получил много новых знаний. Рекомендую!', 4.5, 'Отзыв о курсе "Введение в программирование"', 1, 10);

INSERT INTO reviews (date, description, grade, title, course_id, user_id) VALUES
    ('2023-06-06', 'Курс был довольно интересным и содержательным. Я научился многим основам языка JavaScript и получил практические навыки программирования. Рекомендую для начинающих!', 4.0, 'Отзыв о курсе "Основы языка JavaScript"', 2, 11);

INSERT INTO reviews (date, description, grade, title, course_id, user_id) VALUES
    ('2023-06-05', 'Очень хороший курс по углубленному изучению JavaScript. Материал был подробным и понятным. Занятия были интересными и интерактивными. Спасибо преподавателям!', 4.8, 'Отзыв о курсе "Углубленное изучение JavaScript"', 3, 12);

INSERT INTO reviews (date, description, grade, title, course_id, user_id) VALUES
    ('2023-06-04', 'Курс по алгоритмам был на высоком уровне! Я узнал много нового о различных алгоритмах и их применении. Рекомендую всем, кто хочет улучшить свои навыки программирования!', 4.7, 'Отзыв о курсе "Введение в алгоритмы"', 4, 13);

INSERT INTO reviews (date, description, grade, title, course_id, user_id) VALUES
    ('2023-06-03', 'Отличный курс по структурам данных! Я научился применять различные структуры данных для оптимизации своего кода. Преподаватели были компетентными и отзывчивыми.', 4.6, 'Отзыв о курсе "Структуры данных"', 5, 14);

INSERT INTO reviews (date, description, grade, title, course_id, user_id) VALUES
    ('2023-06-02', 'Курс по сортировке и поиску был очень полезным. Я научился различным алгоритмам сортировки и методам поиска. Рекомендую этот курс всем, кто хочет улучшить свои навыки программирования.', 4.3, 'Отзыв о курсе "Сортировка и поиск"', 7, 15);

INSERT INTO reviews (date, description, grade, title, course_id, user_id) VALUES
    ('2023-06-01', 'Курс "Основы программирования" был отличным стартом для меня. Я научился писать свои первые программы и разобрался с базовыми концепциями программирования. Спасибо за курс!', 4.0, 'Отзыв о курсе "Основы программирования"', 7, 16);

INSERT INTO reviews (date, description, grade, title, course_id, user_id) VALUES
    ('2023-05-31', 'Курс "Введение в JavaScript" был очень полезным. Я изучил основы языка и получил практические навыки программирования на JavaScript. Рекомендую для начинающих!', 4.2, 'Отзыв о курсе "Введение в JavaScript"', 9, 17);

INSERT INTO reviews (date, description, grade, title, course_id, user_id) VALUES
    ('2023-05-30', 'Курс "Переменные и типы данных в JavaScript" был очень информативным. Я лучше понял, как работать с переменными и различными типами данных в JavaScript.', 4.1, 'Отзыв о курсе "Переменные и типы данных в JavaScript"', 9, 18);

INSERT INTO reviews (date, description, grade, title, course_id, user_id) VALUES
    ('2023-05-29', 'Очень интересный курс по условным операторам и циклам в JavaScript. Я научился эффективно использовать условные выражения и циклы в своих программах.', 4.5, 'Отзыв о курсе "Условные операторы и циклы в JavaScript"', 10, 19);

INSERT INTO reviews (date, description, grade, title, course_id, user_id) VALUES
    ('2023-05-28', 'Курс "Функции высшего порядка в JavaScript" был очень полезным для меня. Я научился работать с функциями высшего порядка и использовать их в своих проектах.', 4.4, 'Отзыв о курсе "Функции высшего порядка в JavaScript"', 11, 20);



-- INSERT INTO courses (created, description, image_url, language, name, price, author_id, category_id)
-- SELECT
--         '2023-06-09'::date + (random() * 365)::integer, -- случайная дата в пределах 1 года от текущей даты
--         'Description ' || (random() * 100)::integer, -- случайное описание
--         'https://example.com/image' || (random() * 100)::integer || '.jpg', -- случайный URL изображения
--         CASE (random() * 2)::integer
--             WHEN 0 THEN 'Russian'
--             WHEN 1 THEN 'English'
--             END, -- случайный язык: Russian или English
--         'Course ' || (random() * 100)::integer, -- случайное название курса
--         (random() * 1000)::numeric(38, 2), -- случайная цена в пределах 1000
--         floor(random() * 21)::bigint + 1, -- случайный автор_id от 1 до 21
--         floor(random() * 5)::bigint + 1 -- случайный category_id от 1 до 5
-- FROM generate_series(1, 100); -- генерируем 100 записей







